ID,Name,Nexus_File,rooted,type,method,scaling,Source
summary,TREE1,summary.trees,true,summary,bayesian,years,Kitchen2009
posterior-1,STATE_8660000,posterior.trees,true,sample,bayesian,years,Kitchen2009
posterior-2,STATE_12630000,posterior.trees,true,sample,bayesian,years,Kitchen2009
posterior-3,STATE_14900000,posterior.trees,true,sample,bayesian,years,Kitchen2009
posterior-4,STATE_5180000,posterior.trees,true,sample,bayesian,years,Kitchen2009
posterior-5,STATE_10820000,posterior.trees,true,sample,bayesian,years,Kitchen2009
posterior-6,STATE_8850000,posterior.trees,true,sample,bayesian,years,Kitchen2009
posterior-7,STATE_2500000,posterior.trees,true,sample,bayesian,years,Kitchen2009
posterior-8,STATE_11540000,posterior.trees,true,sample,bayesian,years,Kitchen2009
posterior-9,STATE_14560000,posterior.trees,true,sample,bayesian,years,Kitchen2009
posterior-10,STATE_8460000,posterior.trees,true,sample,bayesian,years,Kitchen2009
posterior-11,STATE_10480000,posterior.trees,true,sample,bayesian,years,Kitchen2009
posterior-12,STATE_11760000,posterior.trees,true,sample,bayesian,years,Kitchen2009
posterior-13,STATE_18760000,posterior.trees,true,sample,bayesian,years,Kitchen2009
posterior-14,STATE_4160000,posterior.trees,true,sample,bayesian,years,Kitchen2009
posterior-15,STATE_17730000,posterior.trees,true,sample,bayesian,years,Kitchen2009
posterior-16,STATE_3960000,posterior.trees,true,sample,bayesian,years,Kitchen2009
posterior-17,STATE_4280000,posterior.trees,true,sample,bayesian,years,Kitchen2009
posterior-18,STATE_11520000,posterior.trees,true,sample,bayesian,years,Kitchen2009
posterior-19,STATE_15390000,posterior.trees,true,sample,bayesian,years,Kitchen2009
posterior-20,STATE_19930000,posterior.trees,true,sample,bayesian,years,Kitchen2009
posterior-21,STATE_4590000,posterior.trees,true,sample,bayesian,years,Kitchen2009
posterior-22,STATE_16180000,posterior.trees,true,sample,bayesian,years,Kitchen2009
posterior-23,STATE_6770000,posterior.trees,true,sample,bayesian,years,Kitchen2009
posterior-24,STATE_7170000,posterior.trees,true,sample,bayesian,years,Kitchen2009
posterior-25,STATE_11770000,posterior.trees,true,sample,bayesian,years,Kitchen2009
posterior-26,STATE_19290000,posterior.trees,true,sample,bayesian,years,Kitchen2009
posterior-27,STATE_18180000,posterior.trees,true,sample,bayesian,years,Kitchen2009
posterior-28,STATE_9800000,posterior.trees,true,sample,bayesian,years,Kitchen2009
posterior-29,STATE_4380000,posterior.trees,true,sample,bayesian,years,Kitchen2009
posterior-30,STATE_17050000,posterior.trees,true,sample,bayesian,years,Kitchen2009
posterior-31,STATE_17990000,posterior.trees,true,sample,bayesian,years,Kitchen2009
posterior-32,STATE_13630000,posterior.trees,true,sample,bayesian,years,Kitchen2009
posterior-33,STATE_13070000,posterior.trees,true,sample,bayesian,years,Kitchen2009
posterior-34,STATE_15970000,posterior.trees,true,sample,bayesian,years,Kitchen2009
posterior-35,STATE_19960000,posterior.trees,true,sample,bayesian,years,Kitchen2009
posterior-36,STATE_14290000,posterior.trees,true,sample,bayesian,years,Kitchen2009
posterior-37,STATE_10330000,posterior.trees,true,sample,bayesian,years,Kitchen2009
posterior-38,STATE_15850000,posterior.trees,true,sample,bayesian,years,Kitchen2009
posterior-39,STATE_4730000,posterior.trees,true,sample,bayesian,years,Kitchen2009
posterior-40,STATE_3680000,posterior.trees,true,sample,bayesian,years,Kitchen2009
posterior-41,STATE_19910000,posterior.trees,true,sample,bayesian,years,Kitchen2009
posterior-42,STATE_15800000,posterior.trees,true,sample,bayesian,years,Kitchen2009
posterior-43,STATE_10150000,posterior.trees,true,sample,bayesian,years,Kitchen2009
posterior-44,STATE_15920000,posterior.trees,true,sample,bayesian,years,Kitchen2009
posterior-45,STATE_10910000,posterior.trees,true,sample,bayesian,years,Kitchen2009
posterior-46,STATE_17490000,posterior.trees,true,sample,bayesian,years,Kitchen2009
posterior-47,STATE_11730000,posterior.trees,true,sample,bayesian,years,Kitchen2009
posterior-48,STATE_10730000,posterior.trees,true,sample,bayesian,years,Kitchen2009
posterior-49,STATE_2550000,posterior.trees,true,sample,bayesian,years,Kitchen2009
posterior-50,STATE_13560000,posterior.trees,true,sample,bayesian,years,Kitchen2009
posterior-51,STATE_12330000,posterior.trees,true,sample,bayesian,years,Kitchen2009
posterior-52,STATE_18350000,posterior.trees,true,sample,bayesian,years,Kitchen2009
posterior-53,STATE_6400000,posterior.trees,true,sample,bayesian,years,Kitchen2009
posterior-54,STATE_2490000,posterior.trees,true,sample,bayesian,years,Kitchen2009
posterior-55,STATE_16470000,posterior.trees,true,sample,bayesian,years,Kitchen2009
posterior-56,STATE_2200000,posterior.trees,true,sample,bayesian,years,Kitchen2009
posterior-57,STATE_15060000,posterior.trees,true,sample,bayesian,years,Kitchen2009
posterior-58,STATE_12470000,posterior.trees,true,sample,bayesian,years,Kitchen2009
posterior-59,STATE_19700000,posterior.trees,true,sample,bayesian,years,Kitchen2009
posterior-60,STATE_13150000,posterior.trees,true,sample,bayesian,years,Kitchen2009
posterior-61,STATE_9600000,posterior.trees,true,sample,bayesian,years,Kitchen2009
posterior-62,STATE_6750000,posterior.trees,true,sample,bayesian,years,Kitchen2009
posterior-63,STATE_2290000,posterior.trees,true,sample,bayesian,years,Kitchen2009
posterior-64,STATE_7720000,posterior.trees,true,sample,bayesian,years,Kitchen2009
posterior-65,STATE_16920000,posterior.trees,true,sample,bayesian,years,Kitchen2009
posterior-66,STATE_18080000,posterior.trees,true,sample,bayesian,years,Kitchen2009
posterior-67,STATE_11580000,posterior.trees,true,sample,bayesian,years,Kitchen2009
posterior-68,STATE_14280000,posterior.trees,true,sample,bayesian,years,Kitchen2009
posterior-69,STATE_18210000,posterior.trees,true,sample,bayesian,years,Kitchen2009
posterior-70,STATE_4910000,posterior.trees,true,sample,bayesian,years,Kitchen2009
posterior-71,STATE_5910000,posterior.trees,true,sample,bayesian,years,Kitchen2009
posterior-72,STATE_7240000,posterior.trees,true,sample,bayesian,years,Kitchen2009
posterior-73,STATE_14430000,posterior.trees,true,sample,bayesian,years,Kitchen2009
posterior-74,STATE_6370000,posterior.trees,true,sample,bayesian,years,Kitchen2009
posterior-75,STATE_4580000,posterior.trees,true,sample,bayesian,years,Kitchen2009
posterior-76,STATE_13850000,posterior.trees,true,sample,bayesian,years,Kitchen2009
posterior-77,STATE_6870000,posterior.trees,true,sample,bayesian,years,Kitchen2009
posterior-78,STATE_3320000,posterior.trees,true,sample,bayesian,years,Kitchen2009
posterior-79,STATE_4240000,posterior.trees,true,sample,bayesian,years,Kitchen2009
posterior-80,STATE_13500000,posterior.trees,true,sample,bayesian,years,Kitchen2009
posterior-81,STATE_2580000,posterior.trees,true,sample,bayesian,years,Kitchen2009
posterior-82,STATE_4880000,posterior.trees,true,sample,bayesian,years,Kitchen2009
posterior-83,STATE_4850000,posterior.trees,true,sample,bayesian,years,Kitchen2009
posterior-84,STATE_7540000,posterior.trees,true,sample,bayesian,years,Kitchen2009
posterior-85,STATE_8140000,posterior.trees,true,sample,bayesian,years,Kitchen2009
posterior-86,STATE_3770000,posterior.trees,true,sample,bayesian,years,Kitchen2009
posterior-87,STATE_11950000,posterior.trees,true,sample,bayesian,years,Kitchen2009
posterior-88,STATE_11040000,posterior.trees,true,sample,bayesian,years,Kitchen2009
posterior-89,STATE_7000000,posterior.trees,true,sample,bayesian,years,Kitchen2009
posterior-90,STATE_3890000,posterior.trees,true,sample,bayesian,years,Kitchen2009
posterior-91,STATE_10550000,posterior.trees,true,sample,bayesian,years,Kitchen2009
posterior-92,STATE_13320000,posterior.trees,true,sample,bayesian,years,Kitchen2009
posterior-93,STATE_19050000,posterior.trees,true,sample,bayesian,years,Kitchen2009
posterior-94,STATE_5780000,posterior.trees,true,sample,bayesian,years,Kitchen2009
posterior-95,STATE_13230000,posterior.trees,true,sample,bayesian,years,Kitchen2009
posterior-96,STATE_18230000,posterior.trees,true,sample,bayesian,years,Kitchen2009
posterior-97,STATE_13390000,posterior.trees,true,sample,bayesian,years,Kitchen2009
posterior-98,STATE_8710000,posterior.trees,true,sample,bayesian,years,Kitchen2009
posterior-99,STATE_11650000,posterior.trees,true,sample,bayesian,years,Kitchen2009
posterior-100,STATE_4430000,posterior.trees,true,sample,bayesian,years,Kitchen2009
posterior-101,STATE_7440000,posterior.trees,true,sample,bayesian,years,Kitchen2009
posterior-102,STATE_10540000,posterior.trees,true,sample,bayesian,years,Kitchen2009
posterior-103,STATE_2750000,posterior.trees,true,sample,bayesian,years,Kitchen2009
posterior-104,STATE_13020000,posterior.trees,true,sample,bayesian,years,Kitchen2009
posterior-105,STATE_16890000,posterior.trees,true,sample,bayesian,years,Kitchen2009
posterior-106,STATE_2010000,posterior.trees,true,sample,bayesian,years,Kitchen2009
posterior-107,STATE_9750000,posterior.trees,true,sample,bayesian,years,Kitchen2009
posterior-108,STATE_13140000,posterior.trees,true,sample,bayesian,years,Kitchen2009
posterior-109,STATE_18530000,posterior.trees,true,sample,bayesian,years,Kitchen2009
posterior-110,STATE_9730000,posterior.trees,true,sample,bayesian,years,Kitchen2009
posterior-111,STATE_11530000,posterior.trees,true,sample,bayesian,years,Kitchen2009
posterior-112,STATE_8570000,posterior.trees,true,sample,bayesian,years,Kitchen2009
posterior-113,STATE_11350000,posterior.trees,true,sample,bayesian,years,Kitchen2009
posterior-114,STATE_13600000,posterior.trees,true,sample,bayesian,years,Kitchen2009
posterior-115,STATE_9380000,posterior.trees,true,sample,bayesian,years,Kitchen2009
posterior-116,STATE_12950000,posterior.trees,true,sample,bayesian,years,Kitchen2009
posterior-117,STATE_12100000,posterior.trees,true,sample,bayesian,years,Kitchen2009
posterior-118,STATE_14470000,posterior.trees,true,sample,bayesian,years,Kitchen2009
posterior-119,STATE_12400000,posterior.trees,true,sample,bayesian,years,Kitchen2009
posterior-120,STATE_6530000,posterior.trees,true,sample,bayesian,years,Kitchen2009
posterior-121,STATE_8670000,posterior.trees,true,sample,bayesian,years,Kitchen2009
posterior-122,STATE_5970000,posterior.trees,true,sample,bayesian,years,Kitchen2009
posterior-123,STATE_3690000,posterior.trees,true,sample,bayesian,years,Kitchen2009
posterior-124,STATE_12590000,posterior.trees,true,sample,bayesian,years,Kitchen2009
posterior-125,STATE_16710000,posterior.trees,true,sample,bayesian,years,Kitchen2009
posterior-126,STATE_18320000,posterior.trees,true,sample,bayesian,years,Kitchen2009
posterior-127,STATE_3990000,posterior.trees,true,sample,bayesian,years,Kitchen2009
posterior-128,STATE_9030000,posterior.trees,true,sample,bayesian,years,Kitchen2009
posterior-129,STATE_5650000,posterior.trees,true,sample,bayesian,years,Kitchen2009
posterior-130,STATE_6760000,posterior.trees,true,sample,bayesian,years,Kitchen2009
posterior-131,STATE_2950000,posterior.trees,true,sample,bayesian,years,Kitchen2009
posterior-132,STATE_11570000,posterior.trees,true,sample,bayesian,years,Kitchen2009
posterior-133,STATE_4810000,posterior.trees,true,sample,bayesian,years,Kitchen2009
posterior-134,STATE_3850000,posterior.trees,true,sample,bayesian,years,Kitchen2009
posterior-135,STATE_9130000,posterior.trees,true,sample,bayesian,years,Kitchen2009
posterior-136,STATE_5810000,posterior.trees,true,sample,bayesian,years,Kitchen2009
posterior-137,STATE_18560000,posterior.trees,true,sample,bayesian,years,Kitchen2009
posterior-138,STATE_14540000,posterior.trees,true,sample,bayesian,years,Kitchen2009
posterior-139,STATE_18220000,posterior.trees,true,sample,bayesian,years,Kitchen2009
posterior-140,STATE_13470000,posterior.trees,true,sample,bayesian,years,Kitchen2009
posterior-141,STATE_9780000,posterior.trees,true,sample,bayesian,years,Kitchen2009
posterior-142,STATE_8920000,posterior.trees,true,sample,bayesian,years,Kitchen2009
posterior-143,STATE_18410000,posterior.trees,true,sample,bayesian,years,Kitchen2009
posterior-144,STATE_10580000,posterior.trees,true,sample,bayesian,years,Kitchen2009
posterior-145,STATE_8340000,posterior.trees,true,sample,bayesian,years,Kitchen2009
posterior-146,STATE_18300000,posterior.trees,true,sample,bayesian,years,Kitchen2009
posterior-147,STATE_11480000,posterior.trees,true,sample,bayesian,years,Kitchen2009
posterior-148,STATE_9770000,posterior.trees,true,sample,bayesian,years,Kitchen2009
posterior-149,STATE_12910000,posterior.trees,true,sample,bayesian,years,Kitchen2009
posterior-150,STATE_4530000,posterior.trees,true,sample,bayesian,years,Kitchen2009
posterior-151,STATE_16540000,posterior.trees,true,sample,bayesian,years,Kitchen2009
posterior-152,STATE_13720000,posterior.trees,true,sample,bayesian,years,Kitchen2009
posterior-153,STATE_4930000,posterior.trees,true,sample,bayesian,years,Kitchen2009
posterior-154,STATE_2020000,posterior.trees,true,sample,bayesian,years,Kitchen2009
posterior-155,STATE_6450000,posterior.trees,true,sample,bayesian,years,Kitchen2009
posterior-156,STATE_5950000,posterior.trees,true,sample,bayesian,years,Kitchen2009
posterior-157,STATE_3070000,posterior.trees,true,sample,bayesian,years,Kitchen2009
posterior-158,STATE_17290000,posterior.trees,true,sample,bayesian,years,Kitchen2009
posterior-159,STATE_9340000,posterior.trees,true,sample,bayesian,years,Kitchen2009
posterior-160,STATE_9240000,posterior.trees,true,sample,bayesian,years,Kitchen2009
posterior-161,STATE_13540000,posterior.trees,true,sample,bayesian,years,Kitchen2009
posterior-162,STATE_7920000,posterior.trees,true,sample,bayesian,years,Kitchen2009
posterior-163,STATE_4630000,posterior.trees,true,sample,bayesian,years,Kitchen2009
posterior-164,STATE_19230000,posterior.trees,true,sample,bayesian,years,Kitchen2009
posterior-165,STATE_15000000,posterior.trees,true,sample,bayesian,years,Kitchen2009
posterior-166,STATE_4220000,posterior.trees,true,sample,bayesian,years,Kitchen2009
posterior-167,STATE_16820000,posterior.trees,true,sample,bayesian,years,Kitchen2009
posterior-168,STATE_8970000,posterior.trees,true,sample,bayesian,years,Kitchen2009
posterior-169,STATE_10340000,posterior.trees,true,sample,bayesian,years,Kitchen2009
posterior-170,STATE_11100000,posterior.trees,true,sample,bayesian,years,Kitchen2009
posterior-171,STATE_17120000,posterior.trees,true,sample,bayesian,years,Kitchen2009
posterior-172,STATE_2690000,posterior.trees,true,sample,bayesian,years,Kitchen2009
posterior-173,STATE_12710000,posterior.trees,true,sample,bayesian,years,Kitchen2009
posterior-174,STATE_15750000,posterior.trees,true,sample,bayesian,years,Kitchen2009
posterior-175,STATE_14960000,posterior.trees,true,sample,bayesian,years,Kitchen2009
posterior-176,STATE_7080000,posterior.trees,true,sample,bayesian,years,Kitchen2009
posterior-177,STATE_18500000,posterior.trees,true,sample,bayesian,years,Kitchen2009
posterior-178,STATE_6900000,posterior.trees,true,sample,bayesian,years,Kitchen2009
posterior-179,STATE_2460000,posterior.trees,true,sample,bayesian,years,Kitchen2009
posterior-180,STATE_10680000,posterior.trees,true,sample,bayesian,years,Kitchen2009
posterior-181,STATE_15880000,posterior.trees,true,sample,bayesian,years,Kitchen2009
posterior-182,STATE_5870000,posterior.trees,true,sample,bayesian,years,Kitchen2009
posterior-183,STATE_12380000,posterior.trees,true,sample,bayesian,years,Kitchen2009
posterior-184,STATE_10490000,posterior.trees,true,sample,bayesian,years,Kitchen2009
posterior-185,STATE_5160000,posterior.trees,true,sample,bayesian,years,Kitchen2009
posterior-186,STATE_17440000,posterior.trees,true,sample,bayesian,years,Kitchen2009
posterior-187,STATE_4680000,posterior.trees,true,sample,bayesian,years,Kitchen2009
posterior-188,STATE_16350000,posterior.trees,true,sample,bayesian,years,Kitchen2009
posterior-189,STATE_12200000,posterior.trees,true,sample,bayesian,years,Kitchen2009
posterior-190,STATE_3840000,posterior.trees,true,sample,bayesian,years,Kitchen2009
posterior-191,STATE_3630000,posterior.trees,true,sample,bayesian,years,Kitchen2009
posterior-192,STATE_6570000,posterior.trees,true,sample,bayesian,years,Kitchen2009
posterior-193,STATE_6390000,posterior.trees,true,sample,bayesian,years,Kitchen2009
posterior-194,STATE_3140000,posterior.trees,true,sample,bayesian,years,Kitchen2009
posterior-195,STATE_10290000,posterior.trees,true,sample,bayesian,years,Kitchen2009
posterior-196,STATE_16570000,posterior.trees,true,sample,bayesian,years,Kitchen2009
posterior-197,STATE_12210000,posterior.trees,true,sample,bayesian,years,Kitchen2009
posterior-198,STATE_6830000,posterior.trees,true,sample,bayesian,years,Kitchen2009
posterior-199,STATE_3940000,posterior.trees,true,sample,bayesian,years,Kitchen2009
posterior-200,STATE_12450000,posterior.trees,true,sample,bayesian,years,Kitchen2009
posterior-201,STATE_18120000,posterior.trees,true,sample,bayesian,years,Kitchen2009
posterior-202,STATE_8820000,posterior.trees,true,sample,bayesian,years,Kitchen2009
posterior-203,STATE_12440000,posterior.trees,true,sample,bayesian,years,Kitchen2009
posterior-204,STATE_14320000,posterior.trees,true,sample,bayesian,years,Kitchen2009
posterior-205,STATE_2620000,posterior.trees,true,sample,bayesian,years,Kitchen2009
posterior-206,STATE_16560000,posterior.trees,true,sample,bayesian,years,Kitchen2009
posterior-207,STATE_19870000,posterior.trees,true,sample,bayesian,years,Kitchen2009
posterior-208,STATE_6820000,posterior.trees,true,sample,bayesian,years,Kitchen2009
posterior-209,STATE_17090000,posterior.trees,true,sample,bayesian,years,Kitchen2009
posterior-210,STATE_19480000,posterior.trees,true,sample,bayesian,years,Kitchen2009
posterior-211,STATE_5830000,posterior.trees,true,sample,bayesian,years,Kitchen2009
posterior-212,STATE_13760000,posterior.trees,true,sample,bayesian,years,Kitchen2009
posterior-213,STATE_15690000,posterior.trees,true,sample,bayesian,years,Kitchen2009
posterior-214,STATE_2090000,posterior.trees,true,sample,bayesian,years,Kitchen2009
posterior-215,STATE_12230000,posterior.trees,true,sample,bayesian,years,Kitchen2009
posterior-216,STATE_15910000,posterior.trees,true,sample,bayesian,years,Kitchen2009
posterior-217,STATE_18800000,posterior.trees,true,sample,bayesian,years,Kitchen2009
posterior-218,STATE_15540000,posterior.trees,true,sample,bayesian,years,Kitchen2009
posterior-219,STATE_6130000,posterior.trees,true,sample,bayesian,years,Kitchen2009
posterior-220,STATE_13590000,posterior.trees,true,sample,bayesian,years,Kitchen2009
posterior-221,STATE_2930000,posterior.trees,true,sample,bayesian,years,Kitchen2009
posterior-222,STATE_19760000,posterior.trees,true,sample,bayesian,years,Kitchen2009
posterior-223,STATE_11290000,posterior.trees,true,sample,bayesian,years,Kitchen2009
posterior-224,STATE_11140000,posterior.trees,true,sample,bayesian,years,Kitchen2009
posterior-225,STATE_9990000,posterior.trees,true,sample,bayesian,years,Kitchen2009
posterior-226,STATE_8550000,posterior.trees,true,sample,bayesian,years,Kitchen2009
posterior-227,STATE_14370000,posterior.trees,true,sample,bayesian,years,Kitchen2009
posterior-228,STATE_2210000,posterior.trees,true,sample,bayesian,years,Kitchen2009
posterior-229,STATE_17530000,posterior.trees,true,sample,bayesian,years,Kitchen2009
posterior-230,STATE_11870000,posterior.trees,true,sample,bayesian,years,Kitchen2009
posterior-231,STATE_5390000,posterior.trees,true,sample,bayesian,years,Kitchen2009
posterior-232,STATE_18070000,posterior.trees,true,sample,bayesian,years,Kitchen2009
posterior-233,STATE_4120000,posterior.trees,true,sample,bayesian,years,Kitchen2009
posterior-234,STATE_3820000,posterior.trees,true,sample,bayesian,years,Kitchen2009
posterior-235,STATE_6980000,posterior.trees,true,sample,bayesian,years,Kitchen2009
posterior-236,STATE_12500000,posterior.trees,true,sample,bayesian,years,Kitchen2009
posterior-237,STATE_19190000,posterior.trees,true,sample,bayesian,years,Kitchen2009
posterior-238,STATE_15050000,posterior.trees,true,sample,bayesian,years,Kitchen2009
posterior-239,STATE_2410000,posterior.trees,true,sample,bayesian,years,Kitchen2009
posterior-240,STATE_18110000,posterior.trees,true,sample,bayesian,years,Kitchen2009
posterior-241,STATE_2860000,posterior.trees,true,sample,bayesian,years,Kitchen2009
posterior-242,STATE_3870000,posterior.trees,true,sample,bayesian,years,Kitchen2009
posterior-243,STATE_17750000,posterior.trees,true,sample,bayesian,years,Kitchen2009
posterior-244,STATE_18580000,posterior.trees,true,sample,bayesian,years,Kitchen2009
posterior-245,STATE_3520000,posterior.trees,true,sample,bayesian,years,Kitchen2009
posterior-246,STATE_2430000,posterior.trees,true,sample,bayesian,years,Kitchen2009
posterior-247,STATE_19580000,posterior.trees,true,sample,bayesian,years,Kitchen2009
posterior-248,STATE_16380000,posterior.trees,true,sample,bayesian,years,Kitchen2009
posterior-249,STATE_12430000,posterior.trees,true,sample,bayesian,years,Kitchen2009
posterior-250,STATE_14400000,posterior.trees,true,sample,bayesian,years,Kitchen2009
posterior-251,STATE_15330000,posterior.trees,true,sample,bayesian,years,Kitchen2009
posterior-252,STATE_18130000,posterior.trees,true,sample,bayesian,years,Kitchen2009
posterior-253,STATE_9680000,posterior.trees,true,sample,bayesian,years,Kitchen2009
posterior-254,STATE_2880000,posterior.trees,true,sample,bayesian,years,Kitchen2009
posterior-255,STATE_5380000,posterior.trees,true,sample,bayesian,years,Kitchen2009
posterior-256,STATE_11700000,posterior.trees,true,sample,bayesian,years,Kitchen2009
posterior-257,STATE_5540000,posterior.trees,true,sample,bayesian,years,Kitchen2009
posterior-258,STATE_7800000,posterior.trees,true,sample,bayesian,years,Kitchen2009
posterior-259,STATE_18610000,posterior.trees,true,sample,bayesian,years,Kitchen2009
posterior-260,STATE_16000000,posterior.trees,true,sample,bayesian,years,Kitchen2009
posterior-261,STATE_9670000,posterior.trees,true,sample,bayesian,years,Kitchen2009
posterior-262,STATE_10530000,posterior.trees,true,sample,bayesian,years,Kitchen2009
posterior-263,STATE_2030000,posterior.trees,true,sample,bayesian,years,Kitchen2009
posterior-264,STATE_11370000,posterior.trees,true,sample,bayesian,years,Kitchen2009
posterior-265,STATE_10130000,posterior.trees,true,sample,bayesian,years,Kitchen2009
posterior-266,STATE_7040000,posterior.trees,true,sample,bayesian,years,Kitchen2009
posterior-267,STATE_19750000,posterior.trees,true,sample,bayesian,years,Kitchen2009
posterior-268,STATE_18330000,posterior.trees,true,sample,bayesian,years,Kitchen2009
posterior-269,STATE_19300000,posterior.trees,true,sample,bayesian,years,Kitchen2009
posterior-270,STATE_14330000,posterior.trees,true,sample,bayesian,years,Kitchen2009
posterior-271,STATE_17600000,posterior.trees,true,sample,bayesian,years,Kitchen2009
posterior-272,STATE_10120000,posterior.trees,true,sample,bayesian,years,Kitchen2009
posterior-273,STATE_10080000,posterior.trees,true,sample,bayesian,years,Kitchen2009
posterior-274,STATE_18340000,posterior.trees,true,sample,bayesian,years,Kitchen2009
posterior-275,STATE_9320000,posterior.trees,true,sample,bayesian,years,Kitchen2009
posterior-276,STATE_19660000,posterior.trees,true,sample,bayesian,years,Kitchen2009
posterior-277,STATE_15250000,posterior.trees,true,sample,bayesian,years,Kitchen2009
posterior-278,STATE_10600000,posterior.trees,true,sample,bayesian,years,Kitchen2009
posterior-279,STATE_13350000,posterior.trees,true,sample,bayesian,years,Kitchen2009
posterior-280,STATE_7600000,posterior.trees,true,sample,bayesian,years,Kitchen2009
posterior-281,STATE_8070000,posterior.trees,true,sample,bayesian,years,Kitchen2009
posterior-282,STATE_6320000,posterior.trees,true,sample,bayesian,years,Kitchen2009
posterior-283,STATE_11450000,posterior.trees,true,sample,bayesian,years,Kitchen2009
posterior-284,STATE_12120000,posterior.trees,true,sample,bayesian,years,Kitchen2009
posterior-285,STATE_15070000,posterior.trees,true,sample,bayesian,years,Kitchen2009
posterior-286,STATE_11990000,posterior.trees,true,sample,bayesian,years,Kitchen2009
posterior-287,STATE_17500000,posterior.trees,true,sample,bayesian,years,Kitchen2009
posterior-288,STATE_11560000,posterior.trees,true,sample,bayesian,years,Kitchen2009
posterior-289,STATE_10030000,posterior.trees,true,sample,bayesian,years,Kitchen2009
posterior-290,STATE_10000000,posterior.trees,true,sample,bayesian,years,Kitchen2009
posterior-291,STATE_10180000,posterior.trees,true,sample,bayesian,years,Kitchen2009
posterior-292,STATE_14770000,posterior.trees,true,sample,bayesian,years,Kitchen2009
posterior-293,STATE_4760000,posterior.trees,true,sample,bayesian,years,Kitchen2009
posterior-294,STATE_19940000,posterior.trees,true,sample,bayesian,years,Kitchen2009
posterior-295,STATE_19510000,posterior.trees,true,sample,bayesian,years,Kitchen2009
posterior-296,STATE_10610000,posterior.trees,true,sample,bayesian,years,Kitchen2009
posterior-297,STATE_3860000,posterior.trees,true,sample,bayesian,years,Kitchen2009
posterior-298,STATE_5480000,posterior.trees,true,sample,bayesian,years,Kitchen2009
posterior-299,STATE_12780000,posterior.trees,true,sample,bayesian,years,Kitchen2009
posterior-300,STATE_2820000,posterior.trees,true,sample,bayesian,years,Kitchen2009
posterior-301,STATE_7390000,posterior.trees,true,sample,bayesian,years,Kitchen2009
posterior-302,STATE_13790000,posterior.trees,true,sample,bayesian,years,Kitchen2009
posterior-303,STATE_14620000,posterior.trees,true,sample,bayesian,years,Kitchen2009
posterior-304,STATE_17250000,posterior.trees,true,sample,bayesian,years,Kitchen2009
posterior-305,STATE_10360000,posterior.trees,true,sample,bayesian,years,Kitchen2009
posterior-306,STATE_14210000,posterior.trees,true,sample,bayesian,years,Kitchen2009
posterior-307,STATE_17630000,posterior.trees,true,sample,bayesian,years,Kitchen2009
posterior-308,STATE_18620000,posterior.trees,true,sample,bayesian,years,Kitchen2009
posterior-309,STATE_9220000,posterior.trees,true,sample,bayesian,years,Kitchen2009
posterior-310,STATE_9690000,posterior.trees,true,sample,bayesian,years,Kitchen2009
posterior-311,STATE_8050000,posterior.trees,true,sample,bayesian,years,Kitchen2009
posterior-312,STATE_9500000,posterior.trees,true,sample,bayesian,years,Kitchen2009
posterior-313,STATE_7270000,posterior.trees,true,sample,bayesian,years,Kitchen2009
posterior-314,STATE_4740000,posterior.trees,true,sample,bayesian,years,Kitchen2009
posterior-315,STATE_18910000,posterior.trees,true,sample,bayesian,years,Kitchen2009
posterior-316,STATE_9260000,posterior.trees,true,sample,bayesian,years,Kitchen2009
posterior-317,STATE_12350000,posterior.trees,true,sample,bayesian,years,Kitchen2009
posterior-318,STATE_3360000,posterior.trees,true,sample,bayesian,years,Kitchen2009
posterior-319,STATE_12220000,posterior.trees,true,sample,bayesian,years,Kitchen2009
posterior-320,STATE_2070000,posterior.trees,true,sample,bayesian,years,Kitchen2009
posterior-321,STATE_6590000,posterior.trees,true,sample,bayesian,years,Kitchen2009
posterior-322,STATE_17430000,posterior.trees,true,sample,bayesian,years,Kitchen2009
posterior-323,STATE_8630000,posterior.trees,true,sample,bayesian,years,Kitchen2009
posterior-324,STATE_17620000,posterior.trees,true,sample,bayesian,years,Kitchen2009
posterior-325,STATE_6120000,posterior.trees,true,sample,bayesian,years,Kitchen2009
posterior-326,STATE_9910000,posterior.trees,true,sample,bayesian,years,Kitchen2009
posterior-327,STATE_16160000,posterior.trees,true,sample,bayesian,years,Kitchen2009
posterior-328,STATE_16910000,posterior.trees,true,sample,bayesian,years,Kitchen2009
posterior-329,STATE_9010000,posterior.trees,true,sample,bayesian,years,Kitchen2009
posterior-330,STATE_13460000,posterior.trees,true,sample,bayesian,years,Kitchen2009
posterior-331,STATE_7430000,posterior.trees,true,sample,bayesian,years,Kitchen2009
posterior-332,STATE_6380000,posterior.trees,true,sample,bayesian,years,Kitchen2009
posterior-333,STATE_12370000,posterior.trees,true,sample,bayesian,years,Kitchen2009
posterior-334,STATE_2770000,posterior.trees,true,sample,bayesian,years,Kitchen2009
posterior-335,STATE_18920000,posterior.trees,true,sample,bayesian,years,Kitchen2009
posterior-336,STATE_19210000,posterior.trees,true,sample,bayesian,years,Kitchen2009
posterior-337,STATE_6540000,posterior.trees,true,sample,bayesian,years,Kitchen2009
posterior-338,STATE_13450000,posterior.trees,true,sample,bayesian,years,Kitchen2009
posterior-339,STATE_8590000,posterior.trees,true,sample,bayesian,years,Kitchen2009
posterior-340,STATE_12720000,posterior.trees,true,sample,bayesian,years,Kitchen2009
posterior-341,STATE_6210000,posterior.trees,true,sample,bayesian,years,Kitchen2009
posterior-342,STATE_5790000,posterior.trees,true,sample,bayesian,years,Kitchen2009
posterior-343,STATE_19070000,posterior.trees,true,sample,bayesian,years,Kitchen2009
posterior-344,STATE_3720000,posterior.trees,true,sample,bayesian,years,Kitchen2009
posterior-345,STATE_15080000,posterior.trees,true,sample,bayesian,years,Kitchen2009
posterior-346,STATE_7580000,posterior.trees,true,sample,bayesian,years,Kitchen2009
posterior-347,STATE_15210000,posterior.trees,true,sample,bayesian,years,Kitchen2009
posterior-348,STATE_15440000,posterior.trees,true,sample,bayesian,years,Kitchen2009
posterior-349,STATE_19770000,posterior.trees,true,sample,bayesian,years,Kitchen2009
posterior-350,STATE_10250000,posterior.trees,true,sample,bayesian,years,Kitchen2009
posterior-351,STATE_6660000,posterior.trees,true,sample,bayesian,years,Kitchen2009
posterior-352,STATE_13890000,posterior.trees,true,sample,bayesian,years,Kitchen2009
posterior-353,STATE_14610000,posterior.trees,true,sample,bayesian,years,Kitchen2009
posterior-354,STATE_13260000,posterior.trees,true,sample,bayesian,years,Kitchen2009
posterior-355,STATE_7370000,posterior.trees,true,sample,bayesian,years,Kitchen2009
posterior-356,STATE_12320000,posterior.trees,true,sample,bayesian,years,Kitchen2009
posterior-357,STATE_11340000,posterior.trees,true,sample,bayesian,years,Kitchen2009
posterior-358,STATE_12260000,posterior.trees,true,sample,bayesian,years,Kitchen2009
posterior-359,STATE_6440000,posterior.trees,true,sample,bayesian,years,Kitchen2009
posterior-360,STATE_17970000,posterior.trees,true,sample,bayesian,years,Kitchen2009
posterior-361,STATE_3710000,posterior.trees,true,sample,bayesian,years,Kitchen2009
posterior-362,STATE_9790000,posterior.trees,true,sample,bayesian,years,Kitchen2009
posterior-363,STATE_8580000,posterior.trees,true,sample,bayesian,years,Kitchen2009
posterior-364,STATE_12160000,posterior.trees,true,sample,bayesian,years,Kitchen2009
posterior-365,STATE_3580000,posterior.trees,true,sample,bayesian,years,Kitchen2009
posterior-366,STATE_17210000,posterior.trees,true,sample,bayesian,years,Kitchen2009
posterior-367,STATE_5690000,posterior.trees,true,sample,bayesian,years,Kitchen2009
posterior-368,STATE_6940000,posterior.trees,true,sample,bayesian,years,Kitchen2009
posterior-369,STATE_2250000,posterior.trees,true,sample,bayesian,years,Kitchen2009
posterior-370,STATE_12180000,posterior.trees,true,sample,bayesian,years,Kitchen2009
posterior-371,STATE_6810000,posterior.trees,true,sample,bayesian,years,Kitchen2009
posterior-372,STATE_16370000,posterior.trees,true,sample,bayesian,years,Kitchen2009
posterior-373,STATE_5760000,posterior.trees,true,sample,bayesian,years,Kitchen2009
posterior-374,STATE_15100000,posterior.trees,true,sample,bayesian,years,Kitchen2009
posterior-375,STATE_3230000,posterior.trees,true,sample,bayesian,years,Kitchen2009
posterior-376,STATE_3300000,posterior.trees,true,sample,bayesian,years,Kitchen2009
posterior-377,STATE_11460000,posterior.trees,true,sample,bayesian,years,Kitchen2009
posterior-378,STATE_2440000,posterior.trees,true,sample,bayesian,years,Kitchen2009
posterior-379,STATE_9470000,posterior.trees,true,sample,bayesian,years,Kitchen2009
posterior-380,STATE_15030000,posterior.trees,true,sample,bayesian,years,Kitchen2009
posterior-381,STATE_10450000,posterior.trees,true,sample,bayesian,years,Kitchen2009
posterior-382,STATE_3280000,posterior.trees,true,sample,bayesian,years,Kitchen2009
posterior-383,STATE_9560000,posterior.trees,true,sample,bayesian,years,Kitchen2009
posterior-384,STATE_4870000,posterior.trees,true,sample,bayesian,years,Kitchen2009
posterior-385,STATE_3830000,posterior.trees,true,sample,bayesian,years,Kitchen2009
posterior-386,STATE_12650000,posterior.trees,true,sample,bayesian,years,Kitchen2009
posterior-387,STATE_4140000,posterior.trees,true,sample,bayesian,years,Kitchen2009
posterior-388,STATE_15940000,posterior.trees,true,sample,bayesian,years,Kitchen2009
posterior-389,STATE_5530000,posterior.trees,true,sample,bayesian,years,Kitchen2009
posterior-390,STATE_18600000,posterior.trees,true,sample,bayesian,years,Kitchen2009
posterior-391,STATE_4620000,posterior.trees,true,sample,bayesian,years,Kitchen2009
posterior-392,STATE_2320000,posterior.trees,true,sample,bayesian,years,Kitchen2009
posterior-393,STATE_5230000,posterior.trees,true,sample,bayesian,years,Kitchen2009
posterior-394,STATE_9640000,posterior.trees,true,sample,bayesian,years,Kitchen2009
posterior-395,STATE_14860000,posterior.trees,true,sample,bayesian,years,Kitchen2009
posterior-396,STATE_18290000,posterior.trees,true,sample,bayesian,years,Kitchen2009
posterior-397,STATE_6880000,posterior.trees,true,sample,bayesian,years,Kitchen2009
posterior-398,STATE_6920000,posterior.trees,true,sample,bayesian,years,Kitchen2009
posterior-399,STATE_15610000,posterior.trees,true,sample,bayesian,years,Kitchen2009
posterior-400,STATE_9410000,posterior.trees,true,sample,bayesian,years,Kitchen2009
posterior-401,STATE_2990000,posterior.trees,true,sample,bayesian,years,Kitchen2009
posterior-402,STATE_8490000,posterior.trees,true,sample,bayesian,years,Kitchen2009
posterior-403,STATE_2350000,posterior.trees,true,sample,bayesian,years,Kitchen2009
posterior-404,STATE_9950000,posterior.trees,true,sample,bayesian,years,Kitchen2009
posterior-405,STATE_9140000,posterior.trees,true,sample,bayesian,years,Kitchen2009
posterior-406,STATE_8040000,posterior.trees,true,sample,bayesian,years,Kitchen2009
posterior-407,STATE_16390000,posterior.trees,true,sample,bayesian,years,Kitchen2009
posterior-408,STATE_18630000,posterior.trees,true,sample,bayesian,years,Kitchen2009
posterior-409,STATE_8300000,posterior.trees,true,sample,bayesian,years,Kitchen2009
posterior-410,STATE_8360000,posterior.trees,true,sample,bayesian,years,Kitchen2009
posterior-411,STATE_10430000,posterior.trees,true,sample,bayesian,years,Kitchen2009
posterior-412,STATE_3130000,posterior.trees,true,sample,bayesian,years,Kitchen2009
posterior-413,STATE_15820000,posterior.trees,true,sample,bayesian,years,Kitchen2009
posterior-414,STATE_8210000,posterior.trees,true,sample,bayesian,years,Kitchen2009
posterior-415,STATE_14310000,posterior.trees,true,sample,bayesian,years,Kitchen2009
posterior-416,STATE_3950000,posterior.trees,true,sample,bayesian,years,Kitchen2009
posterior-417,STATE_7840000,posterior.trees,true,sample,bayesian,years,Kitchen2009
posterior-418,STATE_15240000,posterior.trees,true,sample,bayesian,years,Kitchen2009
posterior-419,STATE_5580000,posterior.trees,true,sample,bayesian,years,Kitchen2009
posterior-420,STATE_8890000,posterior.trees,true,sample,bayesian,years,Kitchen2009
posterior-421,STATE_12750000,posterior.trees,true,sample,bayesian,years,Kitchen2009
posterior-422,STATE_5110000,posterior.trees,true,sample,bayesian,years,Kitchen2009
posterior-423,STATE_18960000,posterior.trees,true,sample,bayesian,years,Kitchen2009
posterior-424,STATE_10880000,posterior.trees,true,sample,bayesian,years,Kitchen2009
posterior-425,STATE_8290000,posterior.trees,true,sample,bayesian,years,Kitchen2009
posterior-426,STATE_18810000,posterior.trees,true,sample,bayesian,years,Kitchen2009
posterior-427,STATE_3100000,posterior.trees,true,sample,bayesian,years,Kitchen2009
posterior-428,STATE_17770000,posterior.trees,true,sample,bayesian,years,Kitchen2009
posterior-429,STATE_15660000,posterior.trees,true,sample,bayesian,years,Kitchen2009
posterior-430,STATE_7930000,posterior.trees,true,sample,bayesian,years,Kitchen2009
posterior-431,STATE_15600000,posterior.trees,true,sample,bayesian,years,Kitchen2009
posterior-432,STATE_14410000,posterior.trees,true,sample,bayesian,years,Kitchen2009
posterior-433,STATE_17270000,posterior.trees,true,sample,bayesian,years,Kitchen2009
posterior-434,STATE_19620000,posterior.trees,true,sample,bayesian,years,Kitchen2009
posterior-435,STATE_14380000,posterior.trees,true,sample,bayesian,years,Kitchen2009
posterior-436,STATE_7950000,posterior.trees,true,sample,bayesian,years,Kitchen2009
posterior-437,STATE_17230000,posterior.trees,true,sample,bayesian,years,Kitchen2009
posterior-438,STATE_5680000,posterior.trees,true,sample,bayesian,years,Kitchen2009
posterior-439,STATE_16140000,posterior.trees,true,sample,bayesian,years,Kitchen2009
posterior-440,STATE_14100000,posterior.trees,true,sample,bayesian,years,Kitchen2009
posterior-441,STATE_14070000,posterior.trees,true,sample,bayesian,years,Kitchen2009
posterior-442,STATE_9190000,posterior.trees,true,sample,bayesian,years,Kitchen2009
posterior-443,STATE_8910000,posterior.trees,true,sample,bayesian,years,Kitchen2009
posterior-444,STATE_7230000,posterior.trees,true,sample,bayesian,years,Kitchen2009
posterior-445,STATE_2630000,posterior.trees,true,sample,bayesian,years,Kitchen2009
posterior-446,STATE_17920000,posterior.trees,true,sample,bayesian,years,Kitchen2009
posterior-447,STATE_6070000,posterior.trees,true,sample,bayesian,years,Kitchen2009
posterior-448,STATE_14520000,posterior.trees,true,sample,bayesian,years,Kitchen2009
posterior-449,STATE_10650000,posterior.trees,true,sample,bayesian,years,Kitchen2009
posterior-450,STATE_9840000,posterior.trees,true,sample,bayesian,years,Kitchen2009
posterior-451,STATE_15420000,posterior.trees,true,sample,bayesian,years,Kitchen2009
posterior-452,STATE_8400000,posterior.trees,true,sample,bayesian,years,Kitchen2009
posterior-453,STATE_15260000,posterior.trees,true,sample,bayesian,years,Kitchen2009
posterior-454,STATE_4970000,posterior.trees,true,sample,bayesian,years,Kitchen2009
posterior-455,STATE_8100000,posterior.trees,true,sample,bayesian,years,Kitchen2009
posterior-456,STATE_6220000,posterior.trees,true,sample,bayesian,years,Kitchen2009
posterior-457,STATE_9400000,posterior.trees,true,sample,bayesian,years,Kitchen2009
posterior-458,STATE_7290000,posterior.trees,true,sample,bayesian,years,Kitchen2009
posterior-459,STATE_13090000,posterior.trees,true,sample,bayesian,years,Kitchen2009
posterior-460,STATE_8030000,posterior.trees,true,sample,bayesian,years,Kitchen2009
posterior-461,STATE_6430000,posterior.trees,true,sample,bayesian,years,Kitchen2009
posterior-462,STATE_16670000,posterior.trees,true,sample,bayesian,years,Kitchen2009
posterior-463,STATE_7690000,posterior.trees,true,sample,bayesian,years,Kitchen2009
posterior-464,STATE_17760000,posterior.trees,true,sample,bayesian,years,Kitchen2009
posterior-465,STATE_8000000,posterior.trees,true,sample,bayesian,years,Kitchen2009
posterior-466,STATE_18370000,posterior.trees,true,sample,bayesian,years,Kitchen2009
posterior-467,STATE_10140000,posterior.trees,true,sample,bayesian,years,Kitchen2009
posterior-468,STATE_11280000,posterior.trees,true,sample,bayesian,years,Kitchen2009
posterior-469,STATE_14630000,posterior.trees,true,sample,bayesian,years,Kitchen2009
posterior-470,STATE_17070000,posterior.trees,true,sample,bayesian,years,Kitchen2009
posterior-471,STATE_12510000,posterior.trees,true,sample,bayesian,years,Kitchen2009
posterior-472,STATE_19110000,posterior.trees,true,sample,bayesian,years,Kitchen2009
posterior-473,STATE_5460000,posterior.trees,true,sample,bayesian,years,Kitchen2009
posterior-474,STATE_9290000,posterior.trees,true,sample,bayesian,years,Kitchen2009
posterior-475,STATE_12900000,posterior.trees,true,sample,bayesian,years,Kitchen2009
posterior-476,STATE_6170000,posterior.trees,true,sample,bayesian,years,Kitchen2009
posterior-477,STATE_4230000,posterior.trees,true,sample,bayesian,years,Kitchen2009
posterior-478,STATE_4330000,posterior.trees,true,sample,bayesian,years,Kitchen2009
posterior-479,STATE_5980000,posterior.trees,true,sample,bayesian,years,Kitchen2009
posterior-480,STATE_5880000,posterior.trees,true,sample,bayesian,years,Kitchen2009
posterior-481,STATE_14920000,posterior.trees,true,sample,bayesian,years,Kitchen2009
posterior-482,STATE_11430000,posterior.trees,true,sample,bayesian,years,Kitchen2009
posterior-483,STATE_15870000,posterior.trees,true,sample,bayesian,years,Kitchen2009
posterior-484,STATE_7130000,posterior.trees,true,sample,bayesian,years,Kitchen2009
posterior-485,STATE_4390000,posterior.trees,true,sample,bayesian,years,Kitchen2009
posterior-486,STATE_14440000,posterior.trees,true,sample,bayesian,years,Kitchen2009
posterior-487,STATE_12820000,posterior.trees,true,sample,bayesian,years,Kitchen2009
posterior-488,STATE_5360000,posterior.trees,true,sample,bayesian,years,Kitchen2009
posterior-489,STATE_15410000,posterior.trees,true,sample,bayesian,years,Kitchen2009
posterior-490,STATE_12770000,posterior.trees,true,sample,bayesian,years,Kitchen2009
posterior-491,STATE_19710000,posterior.trees,true,sample,bayesian,years,Kitchen2009
posterior-492,STATE_16480000,posterior.trees,true,sample,bayesian,years,Kitchen2009
posterior-493,STATE_6670000,posterior.trees,true,sample,bayesian,years,Kitchen2009
posterior-494,STATE_10860000,posterior.trees,true,sample,bayesian,years,Kitchen2009
posterior-495,STATE_2050000,posterior.trees,true,sample,bayesian,years,Kitchen2009
posterior-496,STATE_16520000,posterior.trees,true,sample,bayesian,years,Kitchen2009
posterior-497,STATE_10710000,posterior.trees,true,sample,bayesian,years,Kitchen2009
posterior-498,STATE_19880000,posterior.trees,true,sample,bayesian,years,Kitchen2009
posterior-499,STATE_10010000,posterior.trees,true,sample,bayesian,years,Kitchen2009
posterior-500,STATE_16360000,posterior.trees,true,sample,bayesian,years,Kitchen2009
posterior-501,STATE_18000000,posterior.trees,true,sample,bayesian,years,Kitchen2009
posterior-502,STATE_19670000,posterior.trees,true,sample,bayesian,years,Kitchen2009
posterior-503,STATE_12640000,posterior.trees,true,sample,bayesian,years,Kitchen2009
posterior-504,STATE_6200000,posterior.trees,true,sample,bayesian,years,Kitchen2009
posterior-505,STATE_12150000,posterior.trees,true,sample,bayesian,years,Kitchen2009
posterior-506,STATE_7450000,posterior.trees,true,sample,bayesian,years,Kitchen2009
posterior-507,STATE_19000000,posterior.trees,true,sample,bayesian,years,Kitchen2009
posterior-508,STATE_16110000,posterior.trees,true,sample,bayesian,years,Kitchen2009
posterior-509,STATE_19790000,posterior.trees,true,sample,bayesian,years,Kitchen2009
posterior-510,STATE_12970000,posterior.trees,true,sample,bayesian,years,Kitchen2009
posterior-511,STATE_3790000,posterior.trees,true,sample,bayesian,years,Kitchen2009
posterior-512,STATE_9480000,posterior.trees,true,sample,bayesian,years,Kitchen2009
posterior-513,STATE_4900000,posterior.trees,true,sample,bayesian,years,Kitchen2009
posterior-514,STATE_18840000,posterior.trees,true,sample,bayesian,years,Kitchen2009
posterior-515,STATE_3540000,posterior.trees,true,sample,bayesian,years,Kitchen2009
posterior-516,STATE_13680000,posterior.trees,true,sample,bayesian,years,Kitchen2009
posterior-517,STATE_4940000,posterior.trees,true,sample,bayesian,years,Kitchen2009
posterior-518,STATE_18150000,posterior.trees,true,sample,bayesian,years,Kitchen2009
posterior-519,STATE_7070000,posterior.trees,true,sample,bayesian,years,Kitchen2009
posterior-520,STATE_10630000,posterior.trees,true,sample,bayesian,years,Kitchen2009
posterior-521,STATE_16410000,posterior.trees,true,sample,bayesian,years,Kitchen2009
posterior-522,STATE_14990000,posterior.trees,true,sample,bayesian,years,Kitchen2009
posterior-523,STATE_17570000,posterior.trees,true,sample,bayesian,years,Kitchen2009
posterior-524,STATE_15560000,posterior.trees,true,sample,bayesian,years,Kitchen2009
posterior-525,STATE_7400000,posterior.trees,true,sample,bayesian,years,Kitchen2009
posterior-526,STATE_15290000,posterior.trees,true,sample,bayesian,years,Kitchen2009
posterior-527,STATE_2890000,posterior.trees,true,sample,bayesian,years,Kitchen2009
posterior-528,STATE_9390000,posterior.trees,true,sample,bayesian,years,Kitchen2009
posterior-529,STATE_9080000,posterior.trees,true,sample,bayesian,years,Kitchen2009
posterior-530,STATE_8860000,posterior.trees,true,sample,bayesian,years,Kitchen2009
posterior-531,STATE_3440000,posterior.trees,true,sample,bayesian,years,Kitchen2009
posterior-532,STATE_5570000,posterior.trees,true,sample,bayesian,years,Kitchen2009
posterior-533,STATE_16530000,posterior.trees,true,sample,bayesian,years,Kitchen2009
posterior-534,STATE_18700000,posterior.trees,true,sample,bayesian,years,Kitchen2009
posterior-535,STATE_17260000,posterior.trees,true,sample,bayesian,years,Kitchen2009
posterior-536,STATE_18940000,posterior.trees,true,sample,bayesian,years,Kitchen2009
posterior-537,STATE_6560000,posterior.trees,true,sample,bayesian,years,Kitchen2009
posterior-538,STATE_6230000,posterior.trees,true,sample,bayesian,years,Kitchen2009
posterior-539,STATE_9630000,posterior.trees,true,sample,bayesian,years,Kitchen2009
posterior-540,STATE_15510000,posterior.trees,true,sample,bayesian,years,Kitchen2009
posterior-541,STATE_10900000,posterior.trees,true,sample,bayesian,years,Kitchen2009
posterior-542,STATE_19820000,posterior.trees,true,sample,bayesian,years,Kitchen2009
posterior-543,STATE_12410000,posterior.trees,true,sample,bayesian,years,Kitchen2009
posterior-544,STATE_11640000,posterior.trees,true,sample,bayesian,years,Kitchen2009
posterior-545,STATE_4460000,posterior.trees,true,sample,bayesian,years,Kitchen2009
posterior-546,STATE_15340000,posterior.trees,true,sample,bayesian,years,Kitchen2009
posterior-547,STATE_8150000,posterior.trees,true,sample,bayesian,years,Kitchen2009
posterior-548,STATE_6680000,posterior.trees,true,sample,bayesian,years,Kitchen2009
posterior-549,STATE_11600000,posterior.trees,true,sample,bayesian,years,Kitchen2009
posterior-550,STATE_18990000,posterior.trees,true,sample,bayesian,years,Kitchen2009
posterior-551,STATE_15350000,posterior.trees,true,sample,bayesian,years,Kitchen2009
posterior-552,STATE_11840000,posterior.trees,true,sample,bayesian,years,Kitchen2009
posterior-553,STATE_13670000,posterior.trees,true,sample,bayesian,years,Kitchen2009
posterior-554,STATE_3530000,posterior.trees,true,sample,bayesian,years,Kitchen2009
posterior-555,STATE_2390000,posterior.trees,true,sample,bayesian,years,Kitchen2009
posterior-556,STATE_17000000,posterior.trees,true,sample,bayesian,years,Kitchen2009
posterior-557,STATE_4340000,posterior.trees,true,sample,bayesian,years,Kitchen2009
posterior-558,STATE_12870000,posterior.trees,true,sample,bayesian,years,Kitchen2009
posterior-559,STATE_16700000,posterior.trees,true,sample,bayesian,years,Kitchen2009
posterior-560,STATE_5550000,posterior.trees,true,sample,bayesian,years,Kitchen2009
posterior-561,STATE_8980000,posterior.trees,true,sample,bayesian,years,Kitchen2009
posterior-562,STATE_19920000,posterior.trees,true,sample,bayesian,years,Kitchen2009
posterior-563,STATE_19500000,posterior.trees,true,sample,bayesian,years,Kitchen2009
posterior-564,STATE_8730000,posterior.trees,true,sample,bayesian,years,Kitchen2009
posterior-565,STATE_16430000,posterior.trees,true,sample,bayesian,years,Kitchen2009
posterior-566,STATE_7350000,posterior.trees,true,sample,bayesian,years,Kitchen2009
posterior-567,STATE_2530000,posterior.trees,true,sample,bayesian,years,Kitchen2009
posterior-568,STATE_2420000,posterior.trees,true,sample,bayesian,years,Kitchen2009
posterior-569,STATE_13690000,posterior.trees,true,sample,bayesian,years,Kitchen2009
posterior-570,STATE_11930000,posterior.trees,true,sample,bayesian,years,Kitchen2009
posterior-571,STATE_7060000,posterior.trees,true,sample,bayesian,years,Kitchen2009
posterior-572,STATE_11190000,posterior.trees,true,sample,bayesian,years,Kitchen2009
posterior-573,STATE_18240000,posterior.trees,true,sample,bayesian,years,Kitchen2009
posterior-574,STATE_13060000,posterior.trees,true,sample,bayesian,years,Kitchen2009
posterior-575,STATE_8830000,posterior.trees,true,sample,bayesian,years,Kitchen2009
posterior-576,STATE_14160000,posterior.trees,true,sample,bayesian,years,Kitchen2009
posterior-577,STATE_16770000,posterior.trees,true,sample,bayesian,years,Kitchen2009
posterior-578,STATE_14590000,posterior.trees,true,sample,bayesian,years,Kitchen2009
posterior-579,STATE_17110000,posterior.trees,true,sample,bayesian,years,Kitchen2009
posterior-580,STATE_11300000,posterior.trees,true,sample,bayesian,years,Kitchen2009
posterior-581,STATE_13210000,posterior.trees,true,sample,bayesian,years,Kitchen2009
posterior-582,STATE_5280000,posterior.trees,true,sample,bayesian,years,Kitchen2009
posterior-583,STATE_3610000,posterior.trees,true,sample,bayesian,years,Kitchen2009
posterior-584,STATE_7210000,posterior.trees,true,sample,bayesian,years,Kitchen2009
posterior-585,STATE_6040000,posterior.trees,true,sample,bayesian,years,Kitchen2009
posterior-586,STATE_8560000,posterior.trees,true,sample,bayesian,years,Kitchen2009
posterior-587,STATE_3390000,posterior.trees,true,sample,bayesian,years,Kitchen2009
posterior-588,STATE_9440000,posterior.trees,true,sample,bayesian,years,Kitchen2009
posterior-589,STATE_7480000,posterior.trees,true,sample,bayesian,years,Kitchen2009
posterior-590,STATE_10700000,posterior.trees,true,sample,bayesian,years,Kitchen2009
posterior-591,STATE_3900000,posterior.trees,true,sample,bayesian,years,Kitchen2009
posterior-592,STATE_7760000,posterior.trees,true,sample,bayesian,years,Kitchen2009
posterior-593,STATE_16690000,posterior.trees,true,sample,bayesian,years,Kitchen2009
posterior-594,STATE_10790000,posterior.trees,true,sample,bayesian,years,Kitchen2009
posterior-595,STATE_4040000,posterior.trees,true,sample,bayesian,years,Kitchen2009
posterior-596,STATE_6330000,posterior.trees,true,sample,bayesian,years,Kitchen2009
posterior-597,STATE_9580000,posterior.trees,true,sample,bayesian,years,Kitchen2009
posterior-598,STATE_17810000,posterior.trees,true,sample,bayesian,years,Kitchen2009
posterior-599,STATE_9740000,posterior.trees,true,sample,bayesian,years,Kitchen2009
posterior-600,STATE_12190000,posterior.trees,true,sample,bayesian,years,Kitchen2009
posterior-601,STATE_8230000,posterior.trees,true,sample,bayesian,years,Kitchen2009
posterior-602,STATE_19310000,posterior.trees,true,sample,bayesian,years,Kitchen2009
posterior-603,STATE_5660000,posterior.trees,true,sample,bayesian,years,Kitchen2009
posterior-604,STATE_18660000,posterior.trees,true,sample,bayesian,years,Kitchen2009
posterior-605,STATE_7050000,posterior.trees,true,sample,bayesian,years,Kitchen2009
posterior-606,STATE_16870000,posterior.trees,true,sample,bayesian,years,Kitchen2009
posterior-607,STATE_5190000,posterior.trees,true,sample,bayesian,years,Kitchen2009
posterior-608,STATE_16550000,posterior.trees,true,sample,bayesian,years,Kitchen2009
posterior-609,STATE_17400000,posterior.trees,true,sample,bayesian,years,Kitchen2009
posterior-610,STATE_3370000,posterior.trees,true,sample,bayesian,years,Kitchen2009
posterior-611,STATE_12310000,posterior.trees,true,sample,bayesian,years,Kitchen2009
posterior-612,STATE_14230000,posterior.trees,true,sample,bayesian,years,Kitchen2009
posterior-613,STATE_16190000,posterior.trees,true,sample,bayesian,years,Kitchen2009
posterior-614,STATE_15370000,posterior.trees,true,sample,bayesian,years,Kitchen2009
posterior-615,STATE_14740000,posterior.trees,true,sample,bayesian,years,Kitchen2009
posterior-616,STATE_12850000,posterior.trees,true,sample,bayesian,years,Kitchen2009
posterior-617,STATE_17340000,posterior.trees,true,sample,bayesian,years,Kitchen2009
posterior-618,STATE_17240000,posterior.trees,true,sample,bayesian,years,Kitchen2009
posterior-619,STATE_19680000,posterior.trees,true,sample,bayesian,years,Kitchen2009
posterior-620,STATE_11620000,posterior.trees,true,sample,bayesian,years,Kitchen2009
posterior-621,STATE_8060000,posterior.trees,true,sample,bayesian,years,Kitchen2009
posterior-622,STATE_5820000,posterior.trees,true,sample,bayesian,years,Kitchen2009
posterior-623,STATE_19530000,posterior.trees,true,sample,bayesian,years,Kitchen2009
posterior-624,STATE_13290000,posterior.trees,true,sample,bayesian,years,Kitchen2009
posterior-625,STATE_7010000,posterior.trees,true,sample,bayesian,years,Kitchen2009
posterior-626,STATE_17940000,posterior.trees,true,sample,bayesian,years,Kitchen2009
posterior-627,STATE_16240000,posterior.trees,true,sample,bayesian,years,Kitchen2009
posterior-628,STATE_19400000,posterior.trees,true,sample,bayesian,years,Kitchen2009
posterior-629,STATE_16060000,posterior.trees,true,sample,bayesian,years,Kitchen2009
posterior-630,STATE_9150000,posterior.trees,true,sample,bayesian,years,Kitchen2009
posterior-631,STATE_19260000,posterior.trees,true,sample,bayesian,years,Kitchen2009
posterior-632,STATE_9310000,posterior.trees,true,sample,bayesian,years,Kitchen2009
posterior-633,STATE_8810000,posterior.trees,true,sample,bayesian,years,Kitchen2009
posterior-634,STATE_5400000,posterior.trees,true,sample,bayesian,years,Kitchen2009
posterior-635,STATE_18170000,posterior.trees,true,sample,bayesian,years,Kitchen2009
posterior-636,STATE_11210000,posterior.trees,true,sample,bayesian,years,Kitchen2009
posterior-637,STATE_18550000,posterior.trees,true,sample,bayesian,years,Kitchen2009
posterior-638,STATE_16070000,posterior.trees,true,sample,bayesian,years,Kitchen2009
posterior-639,STATE_7110000,posterior.trees,true,sample,bayesian,years,Kitchen2009
posterior-640,STATE_4710000,posterior.trees,true,sample,bayesian,years,Kitchen2009
posterior-641,STATE_16950000,posterior.trees,true,sample,bayesian,years,Kitchen2009
posterior-642,STATE_5040000,posterior.trees,true,sample,bayesian,years,Kitchen2009
posterior-643,STATE_18270000,posterior.trees,true,sample,bayesian,years,Kitchen2009
posterior-644,STATE_14500000,posterior.trees,true,sample,bayesian,years,Kitchen2009
posterior-645,STATE_10380000,posterior.trees,true,sample,bayesian,years,Kitchen2009
posterior-646,STATE_4310000,posterior.trees,true,sample,bayesian,years,Kitchen2009
posterior-647,STATE_19020000,posterior.trees,true,sample,bayesian,years,Kitchen2009
posterior-648,STATE_4560000,posterior.trees,true,sample,bayesian,years,Kitchen2009
posterior-649,STATE_9850000,posterior.trees,true,sample,bayesian,years,Kitchen2009
posterior-650,STATE_19100000,posterior.trees,true,sample,bayesian,years,Kitchen2009
posterior-651,STATE_19450000,posterior.trees,true,sample,bayesian,years,Kitchen2009
posterior-652,STATE_7280000,posterior.trees,true,sample,bayesian,years,Kitchen2009
posterior-653,STATE_8350000,posterior.trees,true,sample,bayesian,years,Kitchen2009
posterior-654,STATE_16170000,posterior.trees,true,sample,bayesian,years,Kitchen2009
posterior-655,STATE_13910000,posterior.trees,true,sample,bayesian,years,Kitchen2009
posterior-656,STATE_11440000,posterior.trees,true,sample,bayesian,years,Kitchen2009
posterior-657,STATE_3180000,posterior.trees,true,sample,bayesian,years,Kitchen2009
posterior-658,STATE_4480000,posterior.trees,true,sample,bayesian,years,Kitchen2009
posterior-659,STATE_11790000,posterior.trees,true,sample,bayesian,years,Kitchen2009
posterior-660,STATE_8540000,posterior.trees,true,sample,bayesian,years,Kitchen2009
posterior-661,STATE_11320000,posterior.trees,true,sample,bayesian,years,Kitchen2009
posterior-662,STATE_10590000,posterior.trees,true,sample,bayesian,years,Kitchen2009
posterior-663,STATE_6180000,posterior.trees,true,sample,bayesian,years,Kitchen2009
posterior-664,STATE_2780000,posterior.trees,true,sample,bayesian,years,Kitchen2009
posterior-665,STATE_15770000,posterior.trees,true,sample,bayesian,years,Kitchen2009
posterior-666,STATE_3090000,posterior.trees,true,sample,bayesian,years,Kitchen2009
posterior-667,STATE_6310000,posterior.trees,true,sample,bayesian,years,Kitchen2009
posterior-668,STATE_16830000,posterior.trees,true,sample,bayesian,years,Kitchen2009
posterior-669,STATE_11000000,posterior.trees,true,sample,bayesian,years,Kitchen2009
posterior-670,STATE_5560000,posterior.trees,true,sample,bayesian,years,Kitchen2009
posterior-671,STATE_12940000,posterior.trees,true,sample,bayesian,years,Kitchen2009
posterior-672,STATE_17930000,posterior.trees,true,sample,bayesian,years,Kitchen2009
posterior-673,STATE_7810000,posterior.trees,true,sample,bayesian,years,Kitchen2009
posterior-674,STATE_3120000,posterior.trees,true,sample,bayesian,years,Kitchen2009
posterior-675,STATE_18790000,posterior.trees,true,sample,bayesian,years,Kitchen2009
posterior-676,STATE_6930000,posterior.trees,true,sample,bayesian,years,Kitchen2009
posterior-677,STATE_4700000,posterior.trees,true,sample,bayesian,years,Kitchen2009
posterior-678,STATE_3160000,posterior.trees,true,sample,bayesian,years,Kitchen2009
posterior-679,STATE_7520000,posterior.trees,true,sample,bayesian,years,Kitchen2009
posterior-680,STATE_10270000,posterior.trees,true,sample,bayesian,years,Kitchen2009
posterior-681,STATE_9720000,posterior.trees,true,sample,bayesian,years,Kitchen2009
posterior-682,STATE_12390000,posterior.trees,true,sample,bayesian,years,Kitchen2009
posterior-683,STATE_6160000,posterior.trees,true,sample,bayesian,years,Kitchen2009
posterior-684,STATE_18930000,posterior.trees,true,sample,bayesian,years,Kitchen2009
posterior-685,STATE_13480000,posterior.trees,true,sample,bayesian,years,Kitchen2009
posterior-686,STATE_2220000,posterior.trees,true,sample,bayesian,years,Kitchen2009
posterior-687,STATE_8870000,posterior.trees,true,sample,bayesian,years,Kitchen2009
posterior-688,STATE_4290000,posterior.trees,true,sample,bayesian,years,Kitchen2009
posterior-689,STATE_2060000,posterior.trees,true,sample,bayesian,years,Kitchen2009
posterior-690,STATE_3000000,posterior.trees,true,sample,bayesian,years,Kitchen2009
posterior-691,STATE_6950000,posterior.trees,true,sample,bayesian,years,Kitchen2009
posterior-692,STATE_19390000,posterior.trees,true,sample,bayesian,years,Kitchen2009
posterior-693,STATE_4540000,posterior.trees,true,sample,bayesian,years,Kitchen2009
posterior-694,STATE_19590000,posterior.trees,true,sample,bayesian,years,Kitchen2009
posterior-695,STATE_7650000,posterior.trees,true,sample,bayesian,years,Kitchen2009
posterior-696,STATE_5140000,posterior.trees,true,sample,bayesian,years,Kitchen2009
posterior-697,STATE_18750000,posterior.trees,true,sample,bayesian,years,Kitchen2009
posterior-698,STATE_12520000,posterior.trees,true,sample,bayesian,years,Kitchen2009
posterior-699,STATE_19120000,posterior.trees,true,sample,bayesian,years,Kitchen2009
posterior-700,STATE_17650000,posterior.trees,true,sample,bayesian,years,Kitchen2009
posterior-701,STATE_13940000,posterior.trees,true,sample,bayesian,years,Kitchen2009
posterior-702,STATE_7380000,posterior.trees,true,sample,bayesian,years,Kitchen2009
posterior-703,STATE_15190000,posterior.trees,true,sample,bayesian,years,Kitchen2009
posterior-704,STATE_7470000,posterior.trees,true,sample,bayesian,years,Kitchen2009
posterior-705,STATE_8990000,posterior.trees,true,sample,bayesian,years,Kitchen2009
posterior-706,STATE_2470000,posterior.trees,true,sample,bayesian,years,Kitchen2009
posterior-707,STATE_3170000,posterior.trees,true,sample,bayesian,years,Kitchen2009
posterior-708,STATE_2870000,posterior.trees,true,sample,bayesian,years,Kitchen2009
posterior-709,STATE_14390000,posterior.trees,true,sample,bayesian,years,Kitchen2009
posterior-710,STATE_16220000,posterior.trees,true,sample,bayesian,years,Kitchen2009
posterior-711,STATE_14880000,posterior.trees,true,sample,bayesian,years,Kitchen2009
posterior-712,STATE_13620000,posterior.trees,true,sample,bayesian,years,Kitchen2009
posterior-713,STATE_7260000,posterior.trees,true,sample,bayesian,years,Kitchen2009
posterior-714,STATE_4520000,posterior.trees,true,sample,bayesian,years,Kitchen2009
posterior-715,STATE_16050000,posterior.trees,true,sample,bayesian,years,Kitchen2009
posterior-716,STATE_11260000,posterior.trees,true,sample,bayesian,years,Kitchen2009
posterior-717,STATE_6520000,posterior.trees,true,sample,bayesian,years,Kitchen2009
posterior-718,STATE_7310000,posterior.trees,true,sample,bayesian,years,Kitchen2009
posterior-719,STATE_14250000,posterior.trees,true,sample,bayesian,years,Kitchen2009
posterior-720,STATE_7830000,posterior.trees,true,sample,bayesian,years,Kitchen2009
posterior-721,STATE_16980000,posterior.trees,true,sample,bayesian,years,Kitchen2009
posterior-722,STATE_12300000,posterior.trees,true,sample,bayesian,years,Kitchen2009
posterior-723,STATE_14710000,posterior.trees,true,sample,bayesian,years,Kitchen2009
posterior-724,STATE_6150000,posterior.trees,true,sample,bayesian,years,Kitchen2009
posterior-725,STATE_12250000,posterior.trees,true,sample,bayesian,years,Kitchen2009
posterior-726,STATE_11780000,posterior.trees,true,sample,bayesian,years,Kitchen2009
posterior-727,STATE_17080000,posterior.trees,true,sample,bayesian,years,Kitchen2009
posterior-728,STATE_14240000,posterior.trees,true,sample,bayesian,years,Kitchen2009
posterior-729,STATE_10470000,posterior.trees,true,sample,bayesian,years,Kitchen2009
posterior-730,STATE_19950000,posterior.trees,true,sample,bayesian,years,Kitchen2009
posterior-731,STATE_17780000,posterior.trees,true,sample,bayesian,years,Kitchen2009
posterior-732,STATE_2960000,posterior.trees,true,sample,bayesian,years,Kitchen2009
posterior-733,STATE_12010000,posterior.trees,true,sample,bayesian,years,Kitchen2009
posterior-734,STATE_17160000,posterior.trees,true,sample,bayesian,years,Kitchen2009
posterior-735,STATE_14130000,posterior.trees,true,sample,bayesian,years,Kitchen2009
posterior-736,STATE_14870000,posterior.trees,true,sample,bayesian,years,Kitchen2009
posterior-737,STATE_13570000,posterior.trees,true,sample,bayesian,years,Kitchen2009
posterior-738,STATE_17910000,posterior.trees,true,sample,bayesian,years,Kitchen2009
posterior-739,STATE_19140000,posterior.trees,true,sample,bayesian,years,Kitchen2009
posterior-740,STATE_14480000,posterior.trees,true,sample,bayesian,years,Kitchen2009
posterior-741,STATE_13930000,posterior.trees,true,sample,bayesian,years,Kitchen2009
posterior-742,STATE_4060000,posterior.trees,true,sample,bayesian,years,Kitchen2009
posterior-743,STATE_18310000,posterior.trees,true,sample,bayesian,years,Kitchen2009
posterior-744,STATE_19730000,posterior.trees,true,sample,bayesian,years,Kitchen2009
posterior-745,STATE_4110000,posterior.trees,true,sample,bayesian,years,Kitchen2009
posterior-746,STATE_2190000,posterior.trees,true,sample,bayesian,years,Kitchen2009
posterior-747,STATE_14930000,posterior.trees,true,sample,bayesian,years,Kitchen2009
posterior-748,STATE_15890000,posterior.trees,true,sample,bayesian,years,Kitchen2009
posterior-749,STATE_6970000,posterior.trees,true,sample,bayesian,years,Kitchen2009
posterior-750,STATE_3380000,posterior.trees,true,sample,bayesian,years,Kitchen2009
posterior-751,STATE_16860000,posterior.trees,true,sample,bayesian,years,Kitchen2009
posterior-752,STATE_7410000,posterior.trees,true,sample,bayesian,years,Kitchen2009
posterior-753,STATE_9040000,posterior.trees,true,sample,bayesian,years,Kitchen2009
posterior-754,STATE_6600000,posterior.trees,true,sample,bayesian,years,Kitchen2009
posterior-755,STATE_9060000,posterior.trees,true,sample,bayesian,years,Kitchen2009
posterior-756,STATE_16840000,posterior.trees,true,sample,bayesian,years,Kitchen2009
posterior-757,STATE_12680000,posterior.trees,true,sample,bayesian,years,Kitchen2009
posterior-758,STATE_7300000,posterior.trees,true,sample,bayesian,years,Kitchen2009
posterior-759,STATE_14530000,posterior.trees,true,sample,bayesian,years,Kitchen2009
posterior-760,STATE_19240000,posterior.trees,true,sample,bayesian,years,Kitchen2009
posterior-761,STATE_3210000,posterior.trees,true,sample,bayesian,years,Kitchen2009
posterior-762,STATE_13040000,posterior.trees,true,sample,bayesian,years,Kitchen2009
posterior-763,STATE_7960000,posterior.trees,true,sample,bayesian,years,Kitchen2009
posterior-764,STATE_14220000,posterior.trees,true,sample,bayesian,years,Kitchen2009
posterior-765,STATE_5130000,posterior.trees,true,sample,bayesian,years,Kitchen2009
posterior-766,STATE_6780000,posterior.trees,true,sample,bayesian,years,Kitchen2009
posterior-767,STATE_17180000,posterior.trees,true,sample,bayesian,years,Kitchen2009
posterior-768,STATE_19130000,posterior.trees,true,sample,bayesian,years,Kitchen2009
posterior-769,STATE_7220000,posterior.trees,true,sample,bayesian,years,Kitchen2009
posterior-770,STATE_2920000,posterior.trees,true,sample,bayesian,years,Kitchen2009
posterior-771,STATE_19860000,posterior.trees,true,sample,bayesian,years,Kitchen2009
posterior-772,STATE_4200000,posterior.trees,true,sample,bayesian,years,Kitchen2009
posterior-773,STATE_12480000,posterior.trees,true,sample,bayesian,years,Kitchen2009
posterior-774,STATE_17170000,posterior.trees,true,sample,bayesian,years,Kitchen2009
posterior-775,STATE_7490000,posterior.trees,true,sample,bayesian,years,Kitchen2009
posterior-776,STATE_16490000,posterior.trees,true,sample,bayesian,years,Kitchen2009
posterior-777,STATE_19560000,posterior.trees,true,sample,bayesian,years,Kitchen2009
posterior-778,STATE_17220000,posterior.trees,true,sample,bayesian,years,Kitchen2009
posterior-779,STATE_18770000,posterior.trees,true,sample,bayesian,years,Kitchen2009
posterior-780,STATE_3240000,posterior.trees,true,sample,bayesian,years,Kitchen2009
posterior-781,STATE_2850000,posterior.trees,true,sample,bayesian,years,Kitchen2009
posterior-782,STATE_9900000,posterior.trees,true,sample,bayesian,years,Kitchen2009
posterior-783,STATE_14180000,posterior.trees,true,sample,bayesian,years,Kitchen2009
posterior-784,STATE_3470000,posterior.trees,true,sample,bayesian,years,Kitchen2009
posterior-785,STATE_13220000,posterior.trees,true,sample,bayesian,years,Kitchen2009
posterior-786,STATE_8330000,posterior.trees,true,sample,bayesian,years,Kitchen2009
posterior-787,STATE_7500000,posterior.trees,true,sample,bayesian,years,Kitchen2009
posterior-788,STATE_8160000,posterior.trees,true,sample,bayesian,years,Kitchen2009
posterior-789,STATE_18850000,posterior.trees,true,sample,bayesian,years,Kitchen2009
posterior-790,STATE_10040000,posterior.trees,true,sample,bayesian,years,Kitchen2009
posterior-791,STATE_12130000,posterior.trees,true,sample,bayesian,years,Kitchen2009
posterior-792,STATE_19360000,posterior.trees,true,sample,bayesian,years,Kitchen2009
posterior-793,STATE_4090000,posterior.trees,true,sample,bayesian,years,Kitchen2009
posterior-794,STATE_10500000,posterior.trees,true,sample,bayesian,years,Kitchen2009
posterior-795,STATE_8390000,posterior.trees,true,sample,bayesian,years,Kitchen2009
posterior-796,STATE_17800000,posterior.trees,true,sample,bayesian,years,Kitchen2009
posterior-797,STATE_18040000,posterior.trees,true,sample,bayesian,years,Kitchen2009
posterior-798,STATE_17960000,posterior.trees,true,sample,bayesian,years,Kitchen2009
posterior-799,STATE_4840000,posterior.trees,true,sample,bayesian,years,Kitchen2009
posterior-800,STATE_6350000,posterior.trees,true,sample,bayesian,years,Kitchen2009
posterior-801,STATE_16900000,posterior.trees,true,sample,bayesian,years,Kitchen2009
posterior-802,STATE_19460000,posterior.trees,true,sample,bayesian,years,Kitchen2009
posterior-803,STATE_15300000,posterior.trees,true,sample,bayesian,years,Kitchen2009
posterior-804,STATE_3490000,posterior.trees,true,sample,bayesian,years,Kitchen2009
posterior-805,STATE_11890000,posterior.trees,true,sample,bayesian,years,Kitchen2009
posterior-806,STATE_11110000,posterior.trees,true,sample,bayesian,years,Kitchen2009
posterior-807,STATE_7420000,posterior.trees,true,sample,bayesian,years,Kitchen2009
posterior-808,STATE_19420000,posterior.trees,true,sample,bayesian,years,Kitchen2009
posterior-809,STATE_16020000,posterior.trees,true,sample,bayesian,years,Kitchen2009
posterior-810,STATE_9870000,posterior.trees,true,sample,bayesian,years,Kitchen2009
posterior-811,STATE_4080000,posterior.trees,true,sample,bayesian,years,Kitchen2009
posterior-812,STATE_2130000,posterior.trees,true,sample,bayesian,years,Kitchen2009
posterior-813,STATE_8420000,posterior.trees,true,sample,bayesian,years,Kitchen2009
posterior-814,STATE_5440000,posterior.trees,true,sample,bayesian,years,Kitchen2009
posterior-815,STATE_3200000,posterior.trees,true,sample,bayesian,years,Kitchen2009
posterior-816,STATE_14840000,posterior.trees,true,sample,bayesian,years,Kitchen2009
posterior-817,STATE_16080000,posterior.trees,true,sample,bayesian,years,Kitchen2009
posterior-818,STATE_16040000,posterior.trees,true,sample,bayesian,years,Kitchen2009
posterior-819,STATE_5990000,posterior.trees,true,sample,bayesian,years,Kitchen2009
posterior-820,STATE_9860000,posterior.trees,true,sample,bayesian,years,Kitchen2009
posterior-821,STATE_6030000,posterior.trees,true,sample,bayesian,years,Kitchen2009
posterior-822,STATE_13840000,posterior.trees,true,sample,bayesian,years,Kitchen2009
posterior-823,STATE_8380000,posterior.trees,true,sample,bayesian,years,Kitchen2009
posterior-824,STATE_19600000,posterior.trees,true,sample,bayesian,years,Kitchen2009
posterior-825,STATE_10280000,posterior.trees,true,sample,bayesian,years,Kitchen2009
posterior-826,STATE_2400000,posterior.trees,true,sample,bayesian,years,Kitchen2009
posterior-827,STATE_18870000,posterior.trees,true,sample,bayesian,years,Kitchen2009
posterior-828,STATE_9550000,posterior.trees,true,sample,bayesian,years,Kitchen2009
posterior-829,STATE_19740000,posterior.trees,true,sample,bayesian,years,Kitchen2009
posterior-830,STATE_13520000,posterior.trees,true,sample,bayesian,years,Kitchen2009
posterior-831,STATE_19150000,posterior.trees,true,sample,bayesian,years,Kitchen2009
posterior-832,STATE_3650000,posterior.trees,true,sample,bayesian,years,Kitchen2009
posterior-833,STATE_15220000,posterior.trees,true,sample,bayesian,years,Kitchen2009
posterior-834,STATE_6360000,posterior.trees,true,sample,bayesian,years,Kitchen2009
posterior-835,STATE_3010000,posterior.trees,true,sample,bayesian,years,Kitchen2009
posterior-836,STATE_13130000,posterior.trees,true,sample,bayesian,years,Kitchen2009
posterior-837,STATE_12240000,posterior.trees,true,sample,bayesian,years,Kitchen2009
posterior-838,STATE_6250000,posterior.trees,true,sample,bayesian,years,Kitchen2009
posterior-839,STATE_19440000,posterior.trees,true,sample,bayesian,years,Kitchen2009
posterior-840,STATE_5260000,posterior.trees,true,sample,bayesian,years,Kitchen2009
posterior-841,STATE_14110000,posterior.trees,true,sample,bayesian,years,Kitchen2009
posterior-842,STATE_11030000,posterior.trees,true,sample,bayesian,years,Kitchen2009
posterior-843,STATE_14640000,posterior.trees,true,sample,bayesian,years,Kitchen2009
posterior-844,STATE_13700000,posterior.trees,true,sample,bayesian,years,Kitchen2009
posterior-845,STATE_13970000,posterior.trees,true,sample,bayesian,years,Kitchen2009
posterior-846,STATE_6240000,posterior.trees,true,sample,bayesian,years,Kitchen2009
posterior-847,STATE_14450000,posterior.trees,true,sample,bayesian,years,Kitchen2009
posterior-848,STATE_16030000,posterior.trees,true,sample,bayesian,years,Kitchen2009
posterior-849,STATE_7970000,posterior.trees,true,sample,bayesian,years,Kitchen2009
posterior-850,STATE_5060000,posterior.trees,true,sample,bayesian,years,Kitchen2009
posterior-851,STATE_12740000,posterior.trees,true,sample,bayesian,years,Kitchen2009
posterior-852,STATE_17310000,posterior.trees,true,sample,bayesian,years,Kitchen2009
posterior-853,STATE_9090000,posterior.trees,true,sample,bayesian,years,Kitchen2009
posterior-854,STATE_8240000,posterior.trees,true,sample,bayesian,years,Kitchen2009
posterior-855,STATE_5240000,posterior.trees,true,sample,bayesian,years,Kitchen2009
posterior-856,STATE_12030000,posterior.trees,true,sample,bayesian,years,Kitchen2009
posterior-857,STATE_7740000,posterior.trees,true,sample,bayesian,years,Kitchen2009
posterior-858,STATE_19780000,posterior.trees,true,sample,bayesian,years,Kitchen2009
posterior-859,STATE_19840000,posterior.trees,true,sample,bayesian,years,Kitchen2009
posterior-860,STATE_2590000,posterior.trees,true,sample,bayesian,years,Kitchen2009
posterior-861,STATE_4000000,posterior.trees,true,sample,bayesian,years,Kitchen2009
posterior-862,STATE_4130000,posterior.trees,true,sample,bayesian,years,Kitchen2009
posterior-863,STATE_17010000,posterior.trees,true,sample,bayesian,years,Kitchen2009
posterior-864,STATE_7940000,posterior.trees,true,sample,bayesian,years,Kitchen2009
posterior-865,STATE_6910000,posterior.trees,true,sample,bayesian,years,Kitchen2009
posterior-866,STATE_4010000,posterior.trees,true,sample,bayesian,years,Kitchen2009
posterior-867,STATE_17510000,posterior.trees,true,sample,bayesian,years,Kitchen2009
posterior-868,STATE_14080000,posterior.trees,true,sample,bayesian,years,Kitchen2009
posterior-869,STATE_10350000,posterior.trees,true,sample,bayesian,years,Kitchen2009
posterior-870,STATE_16790000,posterior.trees,true,sample,bayesian,years,Kitchen2009
posterior-871,STATE_5100000,posterior.trees,true,sample,bayesian,years,Kitchen2009
posterior-872,STATE_17350000,posterior.trees,true,sample,bayesian,years,Kitchen2009
posterior-873,STATE_17790000,posterior.trees,true,sample,bayesian,years,Kitchen2009
posterior-874,STATE_2760000,posterior.trees,true,sample,bayesian,years,Kitchen2009
posterior-875,STATE_14830000,posterior.trees,true,sample,bayesian,years,Kitchen2009
posterior-876,STATE_9300000,posterior.trees,true,sample,bayesian,years,Kitchen2009
posterior-877,STATE_10390000,posterior.trees,true,sample,bayesian,years,Kitchen2009
posterior-878,STATE_15380000,posterior.trees,true,sample,bayesian,years,Kitchen2009
posterior-879,STATE_3080000,posterior.trees,true,sample,bayesian,years,Kitchen2009
posterior-880,STATE_18190000,posterior.trees,true,sample,bayesian,years,Kitchen2009
posterior-881,STATE_15230000,posterior.trees,true,sample,bayesian,years,Kitchen2009
posterior-882,STATE_14570000,posterior.trees,true,sample,bayesian,years,Kitchen2009
posterior-883,STATE_6860000,posterior.trees,true,sample,bayesian,years,Kitchen2009
posterior-884,STATE_8690000,posterior.trees,true,sample,bayesian,years,Kitchen2009
posterior-885,STATE_4170000,posterior.trees,true,sample,bayesian,years,Kitchen2009
posterior-886,STATE_15470000,posterior.trees,true,sample,bayesian,years,Kitchen2009
posterior-887,STATE_6340000,posterior.trees,true,sample,bayesian,years,Kitchen2009
posterior-888,STATE_2600000,posterior.trees,true,sample,bayesian,years,Kitchen2009
posterior-889,STATE_13250000,posterior.trees,true,sample,bayesian,years,Kitchen2009
posterior-890,STATE_5050000,posterior.trees,true,sample,bayesian,years,Kitchen2009
posterior-891,STATE_18050000,posterior.trees,true,sample,bayesian,years,Kitchen2009
posterior-892,STATE_18880000,posterior.trees,true,sample,bayesian,years,Kitchen2009
posterior-893,STATE_6460000,posterior.trees,true,sample,bayesian,years,Kitchen2009
posterior-894,STATE_5290000,posterior.trees,true,sample,bayesian,years,Kitchen2009
posterior-895,STATE_11850000,posterior.trees,true,sample,bayesian,years,Kitchen2009
posterior-896,STATE_17470000,posterior.trees,true,sample,bayesian,years,Kitchen2009
posterior-897,STATE_5640000,posterior.trees,true,sample,bayesian,years,Kitchen2009
posterior-898,STATE_14750000,posterior.trees,true,sample,bayesian,years,Kitchen2009
posterior-899,STATE_5940000,posterior.trees,true,sample,bayesian,years,Kitchen2009
posterior-900,STATE_18890000,posterior.trees,true,sample,bayesian,years,Kitchen2009
posterior-901,STATE_2230000,posterior.trees,true,sample,bayesian,years,Kitchen2009
posterior-902,STATE_3310000,posterior.trees,true,sample,bayesian,years,Kitchen2009
posterior-903,STATE_10220000,posterior.trees,true,sample,bayesian,years,Kitchen2009
posterior-904,STATE_16760000,posterior.trees,true,sample,bayesian,years,Kitchen2009
posterior-905,STATE_11590000,posterior.trees,true,sample,bayesian,years,Kitchen2009
posterior-906,STATE_14580000,posterior.trees,true,sample,bayesian,years,Kitchen2009
posterior-907,STATE_15950000,posterior.trees,true,sample,bayesian,years,Kitchen2009
posterior-908,STATE_9360000,posterior.trees,true,sample,bayesian,years,Kitchen2009
posterior-909,STATE_10460000,posterior.trees,true,sample,bayesian,years,Kitchen2009
posterior-910,STATE_8960000,posterior.trees,true,sample,bayesian,years,Kitchen2009
posterior-911,STATE_14810000,posterior.trees,true,sample,bayesian,years,Kitchen2009
posterior-912,STATE_15630000,posterior.trees,true,sample,bayesian,years,Kitchen2009
posterior-913,STATE_15450000,posterior.trees,true,sample,bayesian,years,Kitchen2009
posterior-914,STATE_11060000,posterior.trees,true,sample,bayesian,years,Kitchen2009
posterior-915,STATE_9660000,posterior.trees,true,sample,bayesian,years,Kitchen2009
posterior-916,STATE_11740000,posterior.trees,true,sample,bayesian,years,Kitchen2009
posterior-917,STATE_13080000,posterior.trees,true,sample,bayesian,years,Kitchen2009
posterior-918,STATE_6100000,posterior.trees,true,sample,bayesian,years,Kitchen2009
posterior-919,STATE_9940000,posterior.trees,true,sample,bayesian,years,Kitchen2009
posterior-920,STATE_2800000,posterior.trees,true,sample,bayesian,years,Kitchen2009
posterior-921,STATE_4920000,posterior.trees,true,sample,bayesian,years,Kitchen2009
posterior-922,STATE_8470000,posterior.trees,true,sample,bayesian,years,Kitchen2009
posterior-923,STATE_15810000,posterior.trees,true,sample,bayesian,years,Kitchen2009
posterior-924,STATE_12020000,posterior.trees,true,sample,bayesian,years,Kitchen2009
posterior-925,STATE_15840000,posterior.trees,true,sample,bayesian,years,Kitchen2009
posterior-926,STATE_7340000,posterior.trees,true,sample,bayesian,years,Kitchen2009
posterior-927,STATE_17280000,posterior.trees,true,sample,bayesian,years,Kitchen2009
posterior-928,STATE_11880000,posterior.trees,true,sample,bayesian,years,Kitchen2009
posterior-929,STATE_6420000,posterior.trees,true,sample,bayesian,years,Kitchen2009
posterior-930,STATE_15790000,posterior.trees,true,sample,bayesian,years,Kitchen2009
posterior-931,STATE_2380000,posterior.trees,true,sample,bayesian,years,Kitchen2009
posterior-932,STATE_3420000,posterior.trees,true,sample,bayesian,years,Kitchen2009
posterior-933,STATE_10890000,posterior.trees,true,sample,bayesian,years,Kitchen2009
posterior-934,STATE_12930000,posterior.trees,true,sample,bayesian,years,Kitchen2009
posterior-935,STATE_7910000,posterior.trees,true,sample,bayesian,years,Kitchen2009
posterior-936,STATE_2340000,posterior.trees,true,sample,bayesian,years,Kitchen2009
posterior-937,STATE_15480000,posterior.trees,true,sample,bayesian,years,Kitchen2009
posterior-938,STATE_4150000,posterior.trees,true,sample,bayesian,years,Kitchen2009
posterior-939,STATE_10160000,posterior.trees,true,sample,bayesian,years,Kitchen2009
posterior-940,STATE_7150000,posterior.trees,true,sample,bayesian,years,Kitchen2009
posterior-941,STATE_10960000,posterior.trees,true,sample,bayesian,years,Kitchen2009
posterior-942,STATE_14020000,posterior.trees,true,sample,bayesian,years,Kitchen2009
posterior-943,STATE_12860000,posterior.trees,true,sample,bayesian,years,Kitchen2009
posterior-944,STATE_3810000,posterior.trees,true,sample,bayesian,years,Kitchen2009
posterior-945,STATE_7460000,posterior.trees,true,sample,bayesian,years,Kitchen2009
posterior-946,STATE_5490000,posterior.trees,true,sample,bayesian,years,Kitchen2009
posterior-947,STATE_17390000,posterior.trees,true,sample,bayesian,years,Kitchen2009
posterior-948,STATE_7850000,posterior.trees,true,sample,bayesian,years,Kitchen2009
posterior-949,STATE_19090000,posterior.trees,true,sample,bayesian,years,Kitchen2009
posterior-950,STATE_15460000,posterior.trees,true,sample,bayesian,years,Kitchen2009
posterior-951,STATE_18440000,posterior.trees,true,sample,bayesian,years,Kitchen2009
posterior-952,STATE_14050000,posterior.trees,true,sample,bayesian,years,Kitchen2009
posterior-953,STATE_6740000,posterior.trees,true,sample,bayesian,years,Kitchen2009
posterior-954,STATE_13740000,posterior.trees,true,sample,bayesian,years,Kitchen2009
posterior-955,STATE_7090000,posterior.trees,true,sample,bayesian,years,Kitchen2009
posterior-956,STATE_5450000,posterior.trees,true,sample,bayesian,years,Kitchen2009
posterior-957,STATE_13870000,posterior.trees,true,sample,bayesian,years,Kitchen2009
posterior-958,STATE_7730000,posterior.trees,true,sample,bayesian,years,Kitchen2009
posterior-959,STATE_2900000,posterior.trees,true,sample,bayesian,years,Kitchen2009
posterior-960,STATE_17950000,posterior.trees,true,sample,bayesian,years,Kitchen2009
posterior-961,STATE_9650000,posterior.trees,true,sample,bayesian,years,Kitchen2009
posterior-962,STATE_2720000,posterior.trees,true,sample,bayesian,years,Kitchen2009
posterior-963,STATE_9920000,posterior.trees,true,sample,bayesian,years,Kitchen2009
posterior-964,STATE_19570000,posterior.trees,true,sample,bayesian,years,Kitchen2009
posterior-965,STATE_6020000,posterior.trees,true,sample,bayesian,years,Kitchen2009
posterior-966,STATE_19800000,posterior.trees,true,sample,bayesian,years,Kitchen2009
posterior-967,STATE_17480000,posterior.trees,true,sample,bayesian,years,Kitchen2009
posterior-968,STATE_11490000,posterior.trees,true,sample,bayesian,years,Kitchen2009
posterior-969,STATE_10840000,posterior.trees,true,sample,bayesian,years,Kitchen2009
posterior-970,STATE_5080000,posterior.trees,true,sample,bayesian,years,Kitchen2009
posterior-971,STATE_10870000,posterior.trees,true,sample,bayesian,years,Kitchen2009
posterior-972,STATE_8680000,posterior.trees,true,sample,bayesian,years,Kitchen2009
posterior-973,STATE_19890000,posterior.trees,true,sample,bayesian,years,Kitchen2009
posterior-974,STATE_13380000,posterior.trees,true,sample,bayesian,years,Kitchen2009
posterior-975,STATE_14850000,posterior.trees,true,sample,bayesian,years,Kitchen2009
posterior-976,STATE_7890000,posterior.trees,true,sample,bayesian,years,Kitchen2009
posterior-977,STATE_9490000,posterior.trees,true,sample,bayesian,years,Kitchen2009
posterior-978,STATE_14140000,posterior.trees,true,sample,bayesian,years,Kitchen2009
posterior-979,STATE_9230000,posterior.trees,true,sample,bayesian,years,Kitchen2009
posterior-980,STATE_15980000,posterior.trees,true,sample,bayesian,years,Kitchen2009
posterior-981,STATE_16750000,posterior.trees,true,sample,bayesian,years,Kitchen2009
posterior-982,STATE_14090000,posterior.trees,true,sample,bayesian,years,Kitchen2009
posterior-983,STATE_14260000,posterior.trees,true,sample,bayesian,years,Kitchen2009
posterior-984,STATE_19850000,posterior.trees,true,sample,bayesian,years,Kitchen2009
posterior-985,STATE_18390000,posterior.trees,true,sample,bayesian,years,Kitchen2009
posterior-986,STATE_6630000,posterior.trees,true,sample,bayesian,years,Kitchen2009
posterior-987,STATE_13660000,posterior.trees,true,sample,bayesian,years,Kitchen2009
posterior-988,STATE_19490000,posterior.trees,true,sample,bayesian,years,Kitchen2009
posterior-989,STATE_13960000,posterior.trees,true,sample,bayesian,years,Kitchen2009
posterior-990,STATE_18670000,posterior.trees,true,sample,bayesian,years,Kitchen2009
posterior-991,STATE_18090000,posterior.trees,true,sample,bayesian,years,Kitchen2009
posterior-992,STATE_15680000,posterior.trees,true,sample,bayesian,years,Kitchen2009
posterior-993,STATE_19200000,posterior.trees,true,sample,bayesian,years,Kitchen2009
posterior-994,STATE_2310000,posterior.trees,true,sample,bayesian,years,Kitchen2009
posterior-995,STATE_4470000,posterior.trees,true,sample,bayesian,years,Kitchen2009
posterior-996,STATE_12280000,posterior.trees,true,sample,bayesian,years,Kitchen2009
posterior-997,STATE_16200000,posterior.trees,true,sample,bayesian,years,Kitchen2009
posterior-998,STATE_2120000,posterior.trees,true,sample,bayesian,years,Kitchen2009
posterior-999,STATE_4610000,posterior.trees,true,sample,bayesian,years,Kitchen2009
posterior-1000,STATE_16740000,posterior.trees,true,sample,bayesian,years,Kitchen2009
